MIL2A_IDis,MIL2A_IDna,MIL2A_Area,MIL2A_IDcu,MIL1B_IDcu,MIL1B_Area,G_CentrX,G_CentrY,Area
"1514648",Milano - RONCHETTO SUL NAVIGLIO - Q.RE L,2408219.66,48,8450,490831,509024.26323,5031432.55709,233987
"1514648",Milano - RONCHETTO SUL NAVIGLIO - Q.RE L,2408219.66,48,8623,2251795,510524.26323,5032932.55709,153179
"1514648",Milano - RONCHETTO SUL NAVIGLIO - Q.RE L,2408219.66,48,8624,2233327,510524.26323,5031432.55709,1535404
"1514648",Milano - RONCHETTO SUL NAVIGLIO - Q.RE L,2408219.66,48,8625,1575825,510524.26323,5029932.55709,11363
"1514648",Milano - RONCHETTO SUL NAVIGLIO - Q.RE L,2408219.66,48,8797,2251793,512024.26323,5032932.55709,66961
"1514648",Milano - RONCHETTO SUL NAVIGLIO - Q.RE L,2408219.66,48,8798,2251793,512024.26323,5031432.55709,407037
"1514664",Milano - TRENNO,490083.76,64,8271,1569820,507524.26323,5038932.55709,66
"1514664",Milano - TRENNO,490083.76,64,8272,2251798,507524.26323,5037432.55709,473549
"1514664",Milano - TRENNO,490083.76,64,8446,2251797,509024.26323,5037432.55709,16468
"1514667",Milano - PORTELLO,910327.23,67,8794,2251793,512024.26323,5037432.55709,561867
"1514667",Milano - PORTELLO,910327.23,67,8795,2251793,512024.26323,5035932.55709,348455
"1514667",Milano - PORTELLO,910327.23,67,8969,2251791,513524.26323,5035932.55709,5
"1514681",Milano - BOVISASCA,1579284.78,81,8618,1929422,510524.26323,5040432.55709,10573
"1514681",Milano - BOVISASCA,1579284.78,81,8792,1999684,512024.26323,5040432.55709,1350605
"1514681",Milano - BOVISASCA,1579284.78,81,8793,2251793,512024.26323,5038932.55709,30760
"1514681",Milano - BOVISASCA,1579284.78,81,8966,2251791,513524.26323,5040432.55709,182936
"1514684",Milano - PARCO NORD,1533550.71,84,8965,1860812,513524.26323,5041932.55709,318726
"1514684",Milano - PARCO NORD,1533550.71,84,8966,2251791,513524.26323,5040432.55709,417529
"1514684",Milano - PARCO NORD,1533550.71,84,8967,2251791,513524.26323,5038932.55709,33759
"1514684",Milano - PARCO NORD,1533550.71,84,9139,807860,515024.26323,5041932.55709,535796
"1514684",Milano - PARCO NORD,1533550.71,84,9140,2251789,515024.26323,5040432.55709,193276
"1514684",Milano - PARCO NORD,1533550.71,84,9141,2251789,515024.26323,5038932.55709,30568
"1514684",Milano - PARCO NORD,1533550.71,84,9313,708696,516524.26323,5041932.55709,388
"1514663",Milano - FIGINO,1425798.85,63,7923,746439,504524.26323,5038932.55709,5669
"1514663",Milano - FIGINO,1425798.85,63,7924,494032,504524.26323,5037432.55709,67580
"1514663",Milano - FIGINO,1425798.85,63,8097,558217,506024.26323,5038932.55709,45643
"1514663",Milano - FIGINO,1425798.85,63,8098,2250291,506024.26323,5037432.55709,1306908
"1514620",Milano - LORETO - CASORETTO - NOLO,1748884.66,20,9315,2251786,516524.26323,5038932.55709,28930
"1514620",Milano - LORETO - CASORETTO - NOLO,1748884.66,20,9316,2251786,516524.26323,5037432.55709,752632
"1514620",Milano - LORETO - CASORETTO - NOLO,1748884.66,20,9489,2251783,518024.26323,5038932.55709,13929
"1514620",Milano - LORETO - CASORETTO - NOLO,1748884.66,20,9490,2251783,518024.26323,5037432.55709,953394
"1514676",Milano - QUARTO OGGIARO - VIALBA - MUSOC,2779087.34,76,8444,1817917,509024.26323,5040432.55709,79713
"1514676",Milano - QUARTO OGGIARO - VIALBA - MUSOC,2779087.34,76,8618,1929422,510524.26323,5040432.55709,1625853
"1514676",Milano - QUARTO OGGIARO - VIALBA - MUSOC,2779087.34,76,8619,2251795,510524.26323,5038932.55709,532421
"1514676",Milano - QUARTO OGGIARO - VIALBA - MUSOC,2779087.34,76,8792,1999684,512024.26323,5040432.55709,357226
"1514676",Milano - QUARTO OGGIARO - VIALBA - MUSOC,2779087.34,76,8793,2251793,512024.26323,5038932.55709,182815
"1514611",Milano - ISOLA,1323939.00,11,8968,2251791,513524.26323,5037432.55709,40660
"1514611",Milano - ISOLA,1323939.00,11,9141,2251789,515024.26323,5038932.55709,16145
"1514611",Milano - ISOLA,1323939.00,11,9142,2251789,515024.26323,5037432.55709,1267134
"1514661",Milano - QUARTO CAGNINO,987142.26,61,8273,2251798,507524.26323,5035932.55709,350925
"1514661",Milano - QUARTO CAGNINO,987142.26,61,8447,2251797,509024.26323,5035932.55709,604757
"1514661",Milano - QUARTO CAGNINO,987142.26,61,8448,2251797,509024.26323,5034432.55709,31460
"1514660",Milano - STADIO - IPPODROMI,3437921.83,60,8446,2251797,509024.26323,5037432.55709,604684
"1514660",Milano - STADIO - IPPODROMI,3437921.83,60,8447,2251797,509024.26323,5035932.55709,1278559
"1514660",Milano - STADIO - IPPODROMI,3437921.83,60,8448,2251797,509024.26323,5034432.55709,2856
"1514660",Milano - STADIO - IPPODROMI,3437921.83,60,8620,2251795,510524.26323,5037432.55709,93120
"1514660",Milano - STADIO - IPPODROMI,3437921.83,60,8621,2251795,510524.26323,5035932.55709,1433469
"1514660",Milano - STADIO - IPPODROMI,3437921.83,60,8622,2251795,510524.26323,5034432.55709,25231
"1514662",Milano - QUINTO ROMANO,1647113.79,62,8098,2250291,506024.26323,5037432.55709,96822
"1514662",Milano - QUINTO ROMANO,1647113.79,62,8099,1593716,506024.26323,5035932.55709,656002
"1514662",Milano - QUINTO ROMANO,1647113.79,62,8272,2251798,507524.26323,5037432.55709,376
"1514662",Milano - QUINTO ROMANO,1647113.79,62,8273,2251798,507524.26323,5035932.55709,893914
"1514601",Milano - DUOMO,2343477.39,1,8969,2251791,513524.26323,5035932.55709,72888
"1514601",Milano - DUOMO,2343477.39,1,8970,2251791,513524.26323,5034432.55709,727752
"1514601",Milano - DUOMO,2343477.39,1,9143,2251789,515024.26323,5035932.55709,52408
"1514601",Milano - DUOMO,2343477.39,1,9144,2251789,515024.26323,5034432.55709,1480458
"1514601",Milano - DUOMO,2343477.39,1,9145,2251789,515024.26323,5032932.55709,9972
"1514604",Milano - GUASTALLA,1549191.90,4,9143,2251789,515024.26323,5035932.55709,137582
"1514604",Milano - GUASTALLA,1549191.90,4,9144,2251789,515024.26323,5034432.55709,467514
"1514604",Milano - GUASTALLA,1549191.90,4,9145,2251789,515024.26323,5032932.55709,116609
"1514604",Milano - GUASTALLA,1549191.90,4,9317,2251786,516524.26323,5035932.55709,140504
"1514604",Milano - GUASTALLA,1549191.90,4,9318,2251786,516524.26323,5034432.55709,609783
"1514604",Milano - GUASTALLA,1549191.90,4,9319,2251786,516524.26323,5032932.55709,77201
"1514657",Milano - SAN SIRO,985673.62,57,8621,2251795,510524.26323,5035932.55709,595661
"1514657",Milano - SAN SIRO,985673.62,57,8622,2251795,510524.26323,5034432.55709,345418
"1514657",Milano - SAN SIRO,985673.62,57,8795,2251793,512024.26323,5035932.55709,9665
"1514657",Milano - SAN SIRO,985673.62,57,8796,2251793,512024.26323,5034432.55709,34930
"1514682",Milano - COMASINA,927421.17,82,8791,651469,512024.26323,5041932.55709,564412
"1514682",Milano - COMASINA,927421.17,82,8792,1999684,512024.26323,5040432.55709,179374
"1514682",Milano - COMASINA,927421.17,82,8965,1860812,513524.26323,5041932.55709,152940
"1514682",Milano - COMASINA,927421.17,82,8966,2251791,513524.26323,5040432.55709,27071
"1514643",Milano - TIBALDI,786810.14,43,8971,2251791,513524.26323,5032932.55709,716
"1514643",Milano - TIBALDI,786810.14,43,8972,2251791,513524.26323,5031432.55709,480231
"1514643",Milano - TIBALDI,786810.14,43,9145,2251789,515024.26323,5032932.55709,45592
"1514643",Milano - TIBALDI,786810.14,43,9146,2251789,515024.26323,5031432.55709,260272
"1514613",Milano - GRECO - SEGNANO,1770006.39,13,9141,2251789,515024.26323,5038932.55709,75781
"1514613",Milano - GRECO - SEGNANO,1770006.39,13,9314,2246330,516524.26323,5040432.55709,17476
"1514613",Milano - GRECO - SEGNANO,1770006.39,13,9315,2251786,516524.26323,5038932.55709,1550382
"1514613",Milano - GRECO - SEGNANO,1770006.39,13,9316,2251786,516524.26323,5037432.55709,126368
"1514658",Milano - DE ANGELI - MONTE ROSA,1324083.35,58,8620,2251795,510524.26323,5037432.55709,10179
"1514658",Milano - DE ANGELI - MONTE ROSA,1324083.35,58,8621,2251795,510524.26323,5035932.55709,101730
"1514658",Milano - DE ANGELI - MONTE ROSA,1324083.35,58,8794,2251793,512024.26323,5037432.55709,32165
"1514658",Milano - DE ANGELI - MONTE ROSA,1324083.35,58,8795,2251793,512024.26323,5035932.55709,904852
"1514658",Milano - DE ANGELI - MONTE ROSA,1324083.35,58,8796,2251793,512024.26323,5034432.55709,275158
"1514678",Milano - FARINI,1010997.31,78,8793,2251793,512024.26323,5038932.55709,4238
"1514678",Milano - FARINI,1010997.31,78,8794,2251793,512024.26323,5037432.55709,6019
"1514678",Milano - FARINI,1010997.31,78,8967,2251791,513524.26323,5038932.55709,55116
"1514678",Milano - FARINI,1010997.31,78,8968,2251791,513524.26323,5037432.55709,924937
"1514678",Milano - FARINI,1010997.31,78,9141,2251789,515024.26323,5038932.55709,3604
"1514678",Milano - FARINI,1010997.31,78,9142,2251789,515024.26323,5037432.55709,17083
"1514683",Milano - BRUZZANO,1671770.25,83,8791,651469,512024.26323,5041932.55709,84023
"1514683",Milano - BRUZZANO,1671770.25,83,8965,1860812,513524.26323,5041932.55709,1376631
"1514683",Milano - BRUZZANO,1671770.25,83,8966,2251791,513524.26323,5040432.55709,206303
"1514666",Milano - QT 8,1025215.52,66,8620,2251795,510524.26323,5037432.55709,902621
"1514666",Milano - QT 8,1025215.52,66,8621,2251795,510524.26323,5035932.55709,120935
"1514666",Milano - QT 8,1025215.52,66,8794,2251793,512024.26323,5037432.55709,1660
"1514675",Milano - STEPHENSON,560530.84,75,8444,1817917,509024.26323,5040432.55709,394147
"1514675",Milano - STEPHENSON,560530.84,75,8445,2251797,509024.26323,5038932.55709,45552
"1514675",Milano - STEPHENSON,560530.84,75,8618,1929422,510524.26323,5040432.55709,35374
"1514675",Milano - STEPHENSON,560530.84,75,8619,2251795,510524.26323,5038932.55709,85459
"1514647",Milano - CANTALUPA,927420.03,47,8799,2218843,512024.26323,5029932.55709,830111
"1514647",Milano - CANTALUPA,927420.03,47,8973,2251791,513524.26323,5029932.55709,97309
"1514639",Milano - QUINTOSOLE,1059363.67,39,9148,2251789,515024.26323,5028432.55709,88393
"1514639",Milano - QUINTOSOLE,1059363.67,39,9149,1996043,515024.26323,5026932.55709,40674
"1514639",Milano - QUINTOSOLE,1059363.67,39,9322,2076822,516524.26323,5028432.55709,528314
"1514639",Milano - QUINTOSOLE,1059363.67,39,9323,892912,516524.26323,5026932.55709,381030
"1514608",Milano - PARCO SEMPIONE,470794.95,8,8969,2251791,513524.26323,5035932.55709,470153
"1514608",Milano - PARCO SEMPIONE,470794.95,8,8970,2251791,513524.26323,5034432.55709,642
"1514646",Milano - BARONA,2007847.19,46,8624,2233327,510524.26323,5031432.55709,73644
"1514646",Milano - BARONA,2007847.19,46,8798,2251793,512024.26323,5031432.55709,1211526
"1514646",Milano - BARONA,2007847.19,46,8799,2218843,512024.26323,5029932.55709,389889
"1514646",Milano - BARONA,2007847.19,46,8972,2251791,513524.26323,5031432.55709,332179
"1514646",Milano - BARONA,2007847.19,46,8973,2251791,513524.26323,5029932.55709,609
"1514671",Milano - VILLAPIZZONE - CAGNOLA - BOLDIN,3429672.87,71,8619,2251795,510524.26323,5038932.55709,1110979
"1514671",Milano - VILLAPIZZONE - CAGNOLA - BOLDIN,3429672.87,71,8620,2251795,510524.26323,5037432.55709,729907
"1514671",Milano - VILLAPIZZONE - CAGNOLA - BOLDIN,3429672.87,71,8793,2251793,512024.26323,5038932.55709,675755
"1514671",Milano - VILLAPIZZONE - CAGNOLA - BOLDIN,3429672.87,71,8794,2251793,512024.26323,5037432.55709,913033
"1514688",Milano - PARCO BOSCO IN CITTA',7840264.72,88,7923,746439,504524.26323,5038932.55709,735754
"1514688",Milano - PARCO BOSCO IN CITTA',7840264.72,88,7924,494032,504524.26323,5037432.55709,421331
"1514688",Milano - PARCO BOSCO IN CITTA',7840264.72,88,7925,17552,504524.26323,5035932.55709,17260
"1514688",Milano - PARCO BOSCO IN CITTA',7840264.72,88,8097,558217,506024.26323,5038932.55709,483280
"1514688",Milano - PARCO BOSCO IN CITTA',7840264.72,88,8098,2250291,506024.26323,5037432.55709,846561
"1514688",Milano - PARCO BOSCO IN CITTA',7840264.72,88,8099,1593716,506024.26323,5035932.55709,935129
"1514688",Milano - PARCO BOSCO IN CITTA',7840264.72,88,8100,1690745,506024.26323,5034432.55709,349893
"1514688",Milano - PARCO BOSCO IN CITTA',7840264.72,88,8271,1569820,507524.26323,5038932.55709,106187
"1514688",Milano - PARCO BOSCO IN CITTA',7840264.72,88,8272,2251798,507524.26323,5037432.55709,1682823
"1514688",Milano - PARCO BOSCO IN CITTA',7840264.72,88,8273,2251798,507524.26323,5035932.55709,940543
"1514688",Milano - PARCO BOSCO IN CITTA',7840264.72,88,8274,2251798,507524.26323,5034432.55709,679058
"1514688",Milano - PARCO BOSCO IN CITTA',7840264.72,88,8446,2251797,509024.26323,5037432.55709,218788
"1514688",Milano - PARCO BOSCO IN CITTA',7840264.72,88,8447,2251797,509024.26323,5035932.55709,252658
"1514688",Milano - PARCO BOSCO IN CITTA',7840264.72,88,8448,2251797,509024.26323,5034432.55709,138570
"1514616",Milano - GORLA - PRECOTTO,3004297.83,16,9314,2246330,516524.26323,5040432.55709,451523
"1514616",Milano - GORLA - PRECOTTO,3004297.83,16,9315,2251786,516524.26323,5038932.55709,275288
"1514616",Milano - GORLA - PRECOTTO,3004297.83,16,9488,1797438,518024.26323,5040432.55709,1404369
"1514616",Milano - GORLA - PRECOTTO,3004297.83,16,9489,2251783,518024.26323,5038932.55709,872292
"1514614",Milano - NIGUARDA - CA' GRANDA - PRATO C,4250181.35,14,8966,2251791,513524.26323,5040432.55709,6438
"1514614",Milano - NIGUARDA - CA' GRANDA - PRATO C,4250181.35,14,8967,2251791,513524.26323,5038932.55709,16168
"1514614",Milano - NIGUARDA - CA' GRANDA - PRATO C,4250181.35,14,9139,807860,515024.26323,5041932.55709,267429
"1514614",Milano - NIGUARDA - CA' GRANDA - PRATO C,4250181.35,14,9140,2251789,515024.26323,5040432.55709,2058513
"1514614",Milano - NIGUARDA - CA' GRANDA - PRATO C,4250181.35,14,9141,2251789,515024.26323,5038932.55709,911554
"1514614",Milano - NIGUARDA - CA' GRANDA - PRATO C,4250181.35,14,9313,708696,516524.26323,5041932.55709,411499
"1514614",Milano - NIGUARDA - CA' GRANDA - PRATO C,4250181.35,14,9314,2246330,516524.26323,5040432.55709,566210
"1514614",Milano - NIGUARDA - CA' GRANDA - PRATO C,4250181.35,14,9315,2251786,516524.26323,5038932.55709,8267
"1514632",Milano - TRIULZO SUPERIORE,1390675.32,32,9494,2251783,518024.26323,5031432.55709,5304
"1514632",Milano - TRIULZO SUPERIORE,1390675.32,32,9495,2251783,518024.26323,5029932.55709,21197
"1514632",Milano - TRIULZO SUPERIORE,1390675.32,32,9668,2249232,519524.26323,5031432.55709,420936
"1514632",Milano - TRIULZO SUPERIORE,1390675.32,32,9669,995285,519524.26323,5029932.55709,825190
"1514632",Milano - TRIULZO SUPERIORE,1390675.32,32,9842,693369,521024.26323,5031432.55709,88177
"1514627",Milano - PTA ROMANA,1003553.75,27,9145,2251789,515024.26323,5032932.55709,249861
"1514627",Milano - PTA ROMANA,1003553.75,27,9319,2251786,516524.26323,5032932.55709,753691
"1514630",Milano - TALIEDO - MORSENCHIO - Q.RE FOR,3824233.12,30,9492,2251783,518024.26323,5034432.55709,129664
"1514630",Milano - TALIEDO - MORSENCHIO - Q.RE FOR,3824233.12,30,9493,2251783,518024.26323,5032932.55709,368523
"1514630",Milano - TALIEDO - MORSENCHIO - Q.RE FOR,3824233.12,30,9666,2251780,519524.26323,5034432.55709,567142
"1514630",Milano - TALIEDO - MORSENCHIO - Q.RE FOR,3824233.12,30,9667,2251780,519524.26323,5032932.55709,1963762
"1514630",Milano - TALIEDO - MORSENCHIO - Q.RE FOR,3824233.12,30,9668,2249232,519524.26323,5031432.55709,795143
"1514606",Milano - PORTA TICINESE - CONCA DEL NAVI,1256015.46,6,8970,2251791,513524.26323,5034432.55709,81788
"1514606",Milano - PORTA TICINESE - CONCA DEL NAVI,1256015.46,6,8971,2251791,513524.26323,5032932.55709,695449
"1514606",Milano - PORTA TICINESE - CONCA DEL NAVI,1256015.46,6,8972,2251791,513524.26323,5031432.55709,11063
"1514606",Milano - PORTA TICINESE - CONCA DEL NAVI,1256015.46,6,9144,2251789,515024.26323,5034432.55709,3687
"1514606",Milano - PORTA TICINESE - CONCA DEL NAVI,1256015.46,6,9145,2251789,515024.26323,5032932.55709,464029
"1514659",Milano - TRE TORRI,513705.20,59,8795,2251793,512024.26323,5035932.55709,513706
"1514687",Milano - ASSIANO,5845612.11,87,7752,225207,503024.26323,5034432.55709,219912
"1514687",Milano - ASSIANO,5845612.11,87,7753,195344,503024.26323,5032932.55709,186085
"1514687",Milano - ASSIANO,5845612.11,87,7926,998993,504524.26323,5034432.55709,992420
"1514687",Milano - ASSIANO,5845612.11,87,7927,2086077,504524.26323,5032932.55709,2056625
"1514687",Milano - ASSIANO,5845612.11,87,7928,781006,504524.26323,5031432.55709,758800
"1514687",Milano - ASSIANO,5845612.11,87,8100,1690745,506024.26323,5034432.55709,165506
"1514687",Milano - ASSIANO,5845612.11,87,8101,1588969,506024.26323,5032932.55709,695926
"1514687",Milano - ASSIANO,5845612.11,87,8102,735252,506024.26323,5031432.55709,714678
"1514637",Milano - MORIVIONE,818595.55,37,9145,2251789,515024.26323,5032932.55709,200658
"1514637",Milano - MORIVIONE,818595.55,37,9146,2251789,515024.26323,5031432.55709,617938
"1514638",Milano - VIGENTINO - Q.RE FATIMA,1854635.59,38,9146,2251789,515024.26323,5031432.55709,574145
"1514638",Milano - VIGENTINO - Q.RE FATIMA,1854635.59,38,9147,2251789,515024.26323,5029932.55709,305998
"1514638",Milano - VIGENTINO - Q.RE FATIMA,1854635.59,38,9320,2251786,516524.26323,5031432.55709,369581
"1514638",Milano - VIGENTINO - Q.RE FATIMA,1854635.59,38,9321,2251786,516524.26323,5029932.55709,604912
"1514615",Milano - BICOCCA,1530713.21,15,9313,708696,516524.26323,5041932.55709,282842
"1514615",Milano - BICOCCA,1530713.21,15,9314,2246330,516524.26323,5040432.55709,1210913
"1514615",Milano - BICOCCA,1530713.21,15,9315,2251786,516524.26323,5038932.55709,25848
"1514615",Milano - BICOCCA,1530713.21,15,9488,1797438,518024.26323,5040432.55709,8169
"1514629",Milano - ORTOMERCATO,1403577.79,29,9492,2251783,518024.26323,5034432.55709,360196
"1514629",Milano - ORTOMERCATO,1403577.79,29,9493,2251783,518024.26323,5032932.55709,1043382
"1514635",Milano - LODI - CORVETTO,3641840.01,35,9319,2251786,516524.26323,5032932.55709,235915
"1514635",Milano - LODI - CORVETTO,3641840.01,35,9320,2251786,516524.26323,5031432.55709,402827
"1514635",Milano - LODI - CORVETTO,3641840.01,35,9493,2251783,518024.26323,5032932.55709,471889
"1514635",Milano - LODI - CORVETTO,3641840.01,35,9494,2251783,518024.26323,5031432.55709,1909162
"1514635",Milano - LODI - CORVETTO,3641840.01,35,9495,2251783,518024.26323,5029932.55709,606010
"1514635",Milano - LODI - CORVETTO,3641840.01,35,9668,2249232,519524.26323,5031432.55709,1406
"1514635",Milano - LODI - CORVETTO,3641840.01,35,9669,995285,519524.26323,5029932.55709,14632
"1514654",Milano - MUGGIANO,444559.09,54,7927,2086077,504524.26323,5032932.55709,25632
"1514654",Milano - MUGGIANO,444559.09,54,8101,1588969,506024.26323,5032932.55709,418925
"1514644",Milano - PORTA TICINESE - CONCHETTA,1485052.77,44,8797,2251793,512024.26323,5032932.55709,251095
"1514644",Milano - PORTA TICINESE - CONCHETTA,1485052.77,44,8970,2251791,513524.26323,5034432.55709,7898
"1514644",Milano - PORTA TICINESE - CONCHETTA,1485052.77,44,8971,2251791,513524.26323,5032932.55709,1223310
"1514644",Milano - PORTA TICINESE - CONCHETTA,1485052.77,44,8972,2251791,513524.26323,5031432.55709,2750
"1514628",Milano - UMBRIA - MOLISE - CALVAIRATE,1193297.77,28,9318,2251786,516524.26323,5034432.55709,130759
"1514628",Milano - UMBRIA - MOLISE - CALVAIRATE,1193297.77,28,9319,2251786,516524.26323,5032932.55709,678280
"1514628",Milano - UMBRIA - MOLISE - CALVAIRATE,1193297.77,28,9492,2251783,518024.26323,5034432.55709,108328
"1514628",Milano - UMBRIA - MOLISE - CALVAIRATE,1193297.77,28,9493,2251783,518024.26323,5032932.55709,275931
"1514674",Milano - ROSERIO,708199.84,74,8444,1817917,509024.26323,5040432.55709,443505
"1514674",Milano - ROSERIO,708199.84,74,8617,6360,510524.26323,5041932.55709,6256
"1514674",Milano - ROSERIO,708199.84,74,8618,1929422,510524.26323,5040432.55709,251272
"1514640",Milano - RONCHETTO DELLE RANE,189013.13,40,8974,2233145,513524.26323,5028432.55709,35953
"1514640",Milano - RONCHETTO DELLE RANE,189013.13,40,8975,788860,513524.26323,5026932.55709,70560
"1514640",Milano - RONCHETTO DELLE RANE,189013.13,40,9148,2251789,515024.26323,5028432.55709,8183
"1514640",Milano - RONCHETTO DELLE RANE,189013.13,40,9149,1996043,515024.26323,5026932.55709,74318
"1514665",Milano - Q.RE GALLARATESE - Q.RE SAN LEO,3898791.08,65,8271,1569820,507524.26323,5038932.55709,1103686
"1514665",Milano - Q.RE GALLARATESE - Q.RE SAN LEO,3898791.08,65,8272,2251798,507524.26323,5037432.55709,95050
"1514665",Milano - Q.RE GALLARATESE - Q.RE SAN LEO,3898791.08,65,8445,2251797,509024.26323,5038932.55709,786687
"1514665",Milano - Q.RE GALLARATESE - Q.RE SAN LEO,3898791.08,65,8446,2251797,509024.26323,5037432.55709,1411856
"1514665",Milano - Q.RE GALLARATESE - Q.RE SAN LEO,3898791.08,65,8619,2251795,510524.26323,5038932.55709,53
"1514665",Milano - Q.RE GALLARATESE - Q.RE SAN LEO,3898791.08,65,8620,2251795,510524.26323,5037432.55709,473798
"1514631",Milano - MONLUE' - PONTE LAMBRO,2631090.58,31,9666,2251780,519524.26323,5034432.55709,364826
"1514631",Milano - MONLUE' - PONTE LAMBRO,2631090.58,31,9667,2251780,519524.26323,5032932.55709,257271
"1514631",Milano - MONLUE' - PONTE LAMBRO,2631090.58,31,9668,2249232,519524.26323,5031432.55709,184963
"1514631",Milano - MONLUE' - PONTE LAMBRO,2631090.58,31,9840,1324703,521024.26323,5034432.55709,453920
"1514631",Milano - MONLUE' - PONTE LAMBRO,2631090.58,31,9841,763424,521024.26323,5032932.55709,756824
"1514631",Milano - MONLUE' - PONTE LAMBRO,2631090.58,31,9842,693369,521024.26323,5031432.55709,583320
"1514619",Milano - PADOVA - TURRO - CRESCENZAGO,2063500.87,19,9315,2251786,516524.26323,5038932.55709,123378
"1514619",Milano - PADOVA - TURRO - CRESCENZAGO,2063500.87,19,9489,2251783,518024.26323,5038932.55709,1166153
"1514619",Milano - PADOVA - TURRO - CRESCENZAGO,2063500.87,19,9490,2251783,518024.26323,5037432.55709,236275
"1514619",Milano - PADOVA - TURRO - CRESCENZAGO,2063500.87,19,9662,1487858,519524.26323,5040432.55709,26187
"1514619",Milano - PADOVA - TURRO - CRESCENZAGO,2063500.87,19,9663,2251780,519524.26323,5038932.55709,511507
"1514641",Milano - GRATOSOGLIO - Q.RE MISSAGLIA -,3319085.57,41,8800,741422,512024.26323,5028432.55709,372305
"1514641",Milano - GRATOSOGLIO - Q.RE MISSAGLIA -,3319085.57,41,8801,19601,512024.26323,5026932.55709,19299
"1514641",Milano - GRATOSOGLIO - Q.RE MISSAGLIA -,3319085.57,41,8973,2251791,513524.26323,5029932.55709,853566
"1514641",Milano - GRATOSOGLIO - Q.RE MISSAGLIA -,3319085.57,41,8974,2233145,513524.26323,5028432.55709,1970618
"1514641",Milano - GRATOSOGLIO - Q.RE MISSAGLIA -,3319085.57,41,8975,788860,513524.26323,5026932.55709,83174
"1514641",Milano - GRATOSOGLIO - Q.RE MISSAGLIA -,3319085.57,41,9148,2251789,515024.26323,5028432.55709,14791
"1514651",Milano - PORTA MAGENTA,1307442.27,51,8796,2251793,512024.26323,5034432.55709,1219369
"1514651",Milano - PORTA MAGENTA,1307442.27,51,8797,2251793,512024.26323,5032932.55709,30573
"1514651",Milano - PORTA MAGENTA,1307442.27,51,8970,2251791,513524.26323,5034432.55709,57501
"1514656",Milano - FORZE ARMATE,3209343.97,56,8273,2251798,507524.26323,5035932.55709,29225
"1514656",Milano - FORZE ARMATE,3209343.97,56,8274,2251798,507524.26323,5034432.55709,450935
"1514656",Milano - FORZE ARMATE,3209343.97,56,8275,1110510,507524.26323,5032932.55709,168792
"1514656",Milano - FORZE ARMATE,3209343.97,56,8447,2251797,509024.26323,5035932.55709,115823
"1514656",Milano - FORZE ARMATE,3209343.97,56,8448,2251797,509024.26323,5034432.55709,2030693
"1514656",Milano - FORZE ARMATE,3209343.97,56,8449,1865118,509024.26323,5032932.55709,162884
"1514656",Milano - FORZE ARMATE,3209343.97,56,8622,2251795,510524.26323,5034432.55709,250992
"1514670",Milano - GHISOLFA,1052249.73,70,8794,2251793,512024.26323,5037432.55709,581534
"1514670",Milano - GHISOLFA,1052249.73,70,8968,2251791,513524.26323,5037432.55709,470716
"1514634",Milano - CHIARAVALLE,309739.95,34,9495,2251783,518024.26323,5029932.55709,102752
"1514634",Milano - CHIARAVALLE,309739.95,34,9496,1190097,518024.26323,5028432.55709,58785
"1514634",Milano - CHIARAVALLE,309739.95,34,9669,995285,519524.26323,5029932.55709,110774
"1514634",Milano - CHIARAVALLE,309739.95,34,9670,346775,519524.26323,5028432.55709,37429
"1514685",Milano - PARCO DELLE ABBAZIE,13744744.51,85,8973,2251791,513524.26323,5029932.55709,112359
"1514685",Milano - PARCO DELLE ABBAZIE,13744744.51,85,8974,2233145,513524.26323,5028432.55709,225287
"1514685",Milano - PARCO DELLE ABBAZIE,13744744.51,85,8975,788860,513524.26323,5026932.55709,632060
"1514685",Milano - PARCO DELLE ABBAZIE,13744744.51,85,9147,2251789,515024.26323,5029932.55709,1551642
"1514685",Milano - PARCO DELLE ABBAZIE,13744744.51,85,9148,2251789,515024.26323,5028432.55709,2140422
"1514685",Milano - PARCO DELLE ABBAZIE,13744744.51,85,9149,1996043,515024.26323,5026932.55709,1878752
"1514685",Milano - PARCO DELLE ABBAZIE,13744744.51,85,9150,73374,515024.26323,5025432.55709,68920
"1514685",Milano - PARCO DELLE ABBAZIE,13744744.51,85,9320,2251786,516524.26323,5031432.55709,283953
"1514685",Milano - PARCO DELLE ABBAZIE,13744744.51,85,9321,2251786,516524.26323,5029932.55709,1646874
"1514685",Milano - PARCO DELLE ABBAZIE,13744744.51,85,9322,2076822,516524.26323,5028432.55709,1548365
"1514685",Milano - PARCO DELLE ABBAZIE,13744744.51,85,9323,892912,516524.26323,5026932.55709,476364
"1514685",Milano - PARCO DELLE ABBAZIE,13744744.51,85,9494,2251783,518024.26323,5031432.55709,53778
"1514685",Milano - PARCO DELLE ABBAZIE,13744744.51,85,9495,2251783,518024.26323,5029932.55709,1521825
"1514685",Milano - PARCO DELLE ABBAZIE,13744744.51,85,9496,1190097,518024.26323,5028432.55709,1129095
"1514685",Milano - PARCO DELLE ABBAZIE,13744744.51,85,9669,995285,519524.26323,5029932.55709,26963
"1514685",Milano - PARCO DELLE ABBAZIE,13744744.51,85,9670,346775,519524.26323,5028432.55709,298830
"1514612",Milano - MACIACHINI - MAGGIOLINA,1676248.42,12,9141,2251789,515024.26323,5038932.55709,924213
"1514612",Milano - MACIACHINI - MAGGIOLINA,1676248.42,12,9142,2251789,515024.26323,5037432.55709,446405
"1514612",Milano - MACIACHINI - MAGGIOLINA,1676248.42,12,9315,2251786,516524.26323,5038932.55709,131935
"1514612",Milano - MACIACHINI - MAGGIOLINA,1676248.42,12,9316,2251786,516524.26323,5037432.55709,173696
"1514652",Milano - BANDE NERE,2665904.75,52,8622,2251795,510524.26323,5034432.55709,1514291
"1514652",Milano - BANDE NERE,2665904.75,52,8623,2251795,510524.26323,5032932.55709,535476
"1514652",Milano - BANDE NERE,2665904.75,52,8796,2251793,512024.26323,5034432.55709,418090
"1514652",Milano - BANDE NERE,2665904.75,52,8797,2251793,512024.26323,5032932.55709,198047
"1514623",Milano - LAMBRATE - ORTICA,3096394.96,23,9490,2251783,518024.26323,5037432.55709,66347
"1514623",Milano - LAMBRATE - ORTICA,3096394.96,23,9491,2251783,518024.26323,5035932.55709,220534
"1514623",Milano - LAMBRATE - ORTICA,3096394.96,23,9492,2251783,518024.26323,5034432.55709,16076
"1514623",Milano - LAMBRATE - ORTICA,3096394.96,23,9664,2204175,519524.26323,5037432.55709,563043
"1514623",Milano - LAMBRATE - ORTICA,3096394.96,23,9665,2251780,519524.26323,5035932.55709,1920335
"1514623",Milano - LAMBRATE - ORTICA,3096394.96,23,9666,2251780,519524.26323,5034432.55709,773
"1514623",Milano - LAMBRATE - ORTICA,3096394.96,23,9838,138753,521024.26323,5037432.55709,34262
"1514623",Milano - LAMBRATE - ORTICA,3096394.96,23,9839,508094,521024.26323,5035932.55709,264516
"1514642",Milano - STADERA - CHIESA ROSSA - Q.RE T,3234687.31,42,8799,2218843,512024.26323,5029932.55709,39526
"1514642",Milano - STADERA - CHIESA ROSSA - Q.RE T,3234687.31,42,8972,2251791,513524.26323,5031432.55709,999191
"1514642",Milano - STADERA - CHIESA ROSSA - Q.RE T,3234687.31,42,8973,2251791,513524.26323,5029932.55709,1109859
"1514642",Milano - STADERA - CHIESA ROSSA - Q.RE T,3234687.31,42,9146,2251789,515024.26323,5031432.55709,691962
"1514642",Milano - STADERA - CHIESA ROSSA - Q.RE T,3234687.31,42,9147,2251789,515024.26323,5029932.55709,394148
"1514605",Milano - PORTA VIGENTINA - PORTA LODOVIC,1136098.87,5,9144,2251789,515024.26323,5034432.55709,32454
"1514605",Milano - PORTA VIGENTINA - PORTA LODOVIC,1136098.87,5,9145,2251789,515024.26323,5032932.55709,1103566
"1514605",Milano - PORTA VIGENTINA - PORTA LODOVIC,1136098.87,5,9319,2251786,516524.26323,5032932.55709,79
"1514636",Milano - SCALO ROMANA,1738066.59,36,9145,2251789,515024.26323,5032932.55709,61502
"1514636",Milano - SCALO ROMANA,1738066.59,36,9146,2251789,515024.26323,5031432.55709,107472
"1514636",Milano - SCALO ROMANA,1738066.59,36,9319,2251786,516524.26323,5032932.55709,316823
"1514636",Milano - SCALO ROMANA,1738066.59,36,9320,2251786,516524.26323,5031432.55709,1195426
"1514636",Milano - SCALO ROMANA,1738066.59,36,9494,2251783,518024.26323,5031432.55709,56845
"1514626",Milano - XXII MARZO,1638737.31,26,9318,2251786,516524.26323,5034432.55709,1262570
"1514626",Milano - XXII MARZO,1638737.31,26,9319,2251786,516524.26323,5032932.55709,189798
"1514626",Milano - XXII MARZO,1638737.31,26,9492,2251783,518024.26323,5034432.55709,186369
"1514618",Milano - CIMIANO - ROTTOLE - Q.RE FELTRE,4975352.11,18,9489,2251783,518024.26323,5038932.55709,37741
"1514618",Milano - CIMIANO - ROTTOLE - Q.RE FELTRE,4975352.11,18,9490,2251783,518024.26323,5037432.55709,623405
"1514618",Milano - CIMIANO - ROTTOLE - Q.RE FELTRE,4975352.11,18,9662,1487858,519524.26323,5040432.55709,53540
"1514618",Milano - CIMIANO - ROTTOLE - Q.RE FELTRE,4975352.11,18,9663,2251780,519524.26323,5038932.55709,1577598
"1514618",Milano - CIMIANO - ROTTOLE - Q.RE FELTRE,4975352.11,18,9664,2204175,519524.26323,5037432.55709,1640566
"1514618",Milano - CIMIANO - ROTTOLE - Q.RE FELTRE,4975352.11,18,9836,498843,521024.26323,5040432.55709,144653
"1514618",Milano - CIMIANO - ROTTOLE - Q.RE FELTRE,4975352.11,18,9837,779460,521024.26323,5038932.55709,748358
"1514618",Milano - CIMIANO - ROTTOLE - Q.RE FELTRE,4975352.11,18,9838,138753,521024.26323,5037432.55709,103358
"1514679",Milano - DERGANO,1359643.75,79,8967,2251791,513524.26323,5038932.55709,1061953
"1514679",Milano - DERGANO,1359643.75,79,8968,2251791,513524.26323,5037432.55709,11498
"1514679",Milano - DERGANO,1359643.75,79,9141,2251789,515024.26323,5038932.55709,286194
"1514655",Milano - BAGGIO - Q.RE DEGLI OLMI - Q.RE,3474522.78,55,8099,1593716,506024.26323,5035932.55709,1786
"1514655",Milano - BAGGIO - Q.RE DEGLI OLMI - Q.RE,3474522.78,55,8100,1690745,506024.26323,5034432.55709,1172580
"1514655",Milano - BAGGIO - Q.RE DEGLI OLMI - Q.RE,3474522.78,55,8101,1588969,506024.26323,5032932.55709,435895
"1514655",Milano - BAGGIO - Q.RE DEGLI OLMI - Q.RE,3474522.78,55,8273,2251798,507524.26323,5035932.55709,37191
"1514655",Milano - BAGGIO - Q.RE DEGLI OLMI - Q.RE,3474522.78,55,8274,2251798,507524.26323,5034432.55709,1121805
"1514655",Milano - BAGGIO - Q.RE DEGLI OLMI - Q.RE,3474522.78,55,8275,1110510,507524.26323,5032932.55709,676541
"1514624",Milano - PARCO FORLANINI - CAVRIANO,2928325.71,24,9492,2251783,518024.26323,5034432.55709,144962
"1514624",Milano - PARCO FORLANINI - CAVRIANO,2928325.71,24,9665,2251780,519524.26323,5035932.55709,331445
"1514624",Milano - PARCO FORLANINI - CAVRIANO,2928325.71,24,9666,2251780,519524.26323,5034432.55709,1319039
"1514624",Milano - PARCO FORLANINI - CAVRIANO,2928325.71,24,9839,508094,521024.26323,5035932.55709,220864
"1514624",Milano - PARCO FORLANINI - CAVRIANO,2928325.71,24,9840,1324703,521024.26323,5034432.55709,842961
"1514603",Milano - GIARDINI P.TA VENEZIA,249835.73,3,9143,2251789,515024.26323,5035932.55709,181350
"1514603",Milano - GIARDINI P.TA VENEZIA,249835.73,3,9317,2251786,516524.26323,5035932.55709,68485
"1514609",Milano - PORTA GARIBALDI - PORTA NUOVA,786262.98,9,8968,2251791,513524.26323,5037432.55709,23925
"1514609",Milano - PORTA GARIBALDI - PORTA NUOVA,786262.98,9,8969,2251791,513524.26323,5035932.55709,13440
"1514609",Milano - PORTA GARIBALDI - PORTA NUOVA,786262.98,9,9142,2251789,515024.26323,5037432.55709,373169
"1514609",Milano - PORTA GARIBALDI - PORTA NUOVA,786262.98,9,9143,2251789,515024.26323,5035932.55709,375729
"1514680",Milano - AFFORI,2072467.87,80,8792,1999684,512024.26323,5040432.55709,109321
"1514680",Milano - AFFORI,2072467.87,80,8793,2251793,512024.26323,5038932.55709,57037
"1514680",Milano - AFFORI,2072467.87,80,8965,1860812,513524.26323,5041932.55709,9476
"1514680",Milano - AFFORI,2072467.87,80,8966,2251791,513524.26323,5040432.55709,1411514
"1514680",Milano - AFFORI,2072467.87,80,8967,2251791,513524.26323,5038932.55709,481386
"1514680",Milano - AFFORI,2072467.87,80,9141,2251789,515024.26323,5038932.55709,3729
"1514621",Milano - BUENOS AIRES - PORTA VENEZIA -,2879716.76,21,9143,2251789,515024.26323,5035932.55709,5965
"1514621",Milano - BUENOS AIRES - PORTA VENEZIA -,2879716.76,21,9316,2251786,516524.26323,5037432.55709,312169
"1514621",Milano - BUENOS AIRES - PORTA VENEZIA -,2879716.76,21,9317,2251786,516524.26323,5035932.55709,1894410
"1514621",Milano - BUENOS AIRES - PORTA VENEZIA -,2879716.76,21,9318,2251786,516524.26323,5034432.55709,248674
"1514621",Milano - BUENOS AIRES - PORTA VENEZIA -,2879716.76,21,9490,2251783,518024.26323,5037432.55709,56544
"1514621",Milano - BUENOS AIRES - PORTA VENEZIA -,2879716.76,21,9491,2251783,518024.26323,5035932.55709,314598
"1514621",Milano - BUENOS AIRES - PORTA VENEZIA -,2879716.76,21,9492,2251783,518024.26323,5034432.55709,47356
"1514645",Milano - MONCUCCO - SAN CRISTOFORO,1597384.72,45,8797,2251793,512024.26323,5032932.55709,533835
"1514645",Milano - MONCUCCO - SAN CRISTOFORO,1597384.72,45,8798,2251793,512024.26323,5031432.55709,620272
"1514645",Milano - MONCUCCO - SAN CRISTOFORO,1597384.72,45,8971,2251791,513524.26323,5032932.55709,16901
"1514645",Milano - MONCUCCO - SAN CRISTOFORO,1597384.72,45,8972,2251791,513524.26323,5031432.55709,426377
"1514610",Milano - STAZIONE CENTRALE - PONTE SEVES,1557254.57,10,9142,2251789,515024.26323,5037432.55709,147997
"1514610",Milano - STAZIONE CENTRALE - PONTE SEVES,1557254.57,10,9143,2251789,515024.26323,5035932.55709,266192
"1514610",Milano - STAZIONE CENTRALE - PONTE SEVES,1557254.57,10,9315,2251786,516524.26323,5038932.55709,107758
"1514610",Milano - STAZIONE CENTRALE - PONTE SEVES,1557254.57,10,9316,2251786,516524.26323,5037432.55709,886922
"1514610",Milano - STAZIONE CENTRALE - PONTE SEVES,1557254.57,10,9317,2251786,516524.26323,5035932.55709,148386
"1514677",Milano - BOVISA,1914580.82,77,8793,2251793,512024.26323,5038932.55709,1301189
"1514677",Milano - BOVISA,1914580.82,77,8794,2251793,512024.26323,5037432.55709,404
"1514677",Milano - BOVISA,1914580.82,77,8967,2251791,513524.26323,5038932.55709,603408
"1514677",Milano - BOVISA,1914580.82,77,8968,2251791,513524.26323,5037432.55709,9584
"1514672",Milano - MAGGIORE - MUSOCCO - CERTOSA,3032725.75,72,8270,1243747,507524.26323,5040432.55709,353222
"1514672",Milano - MAGGIORE - MUSOCCO - CERTOSA,3032725.75,72,8271,1569820,507524.26323,5038932.55709,335865
"1514672",Milano - MAGGIORE - MUSOCCO - CERTOSA,3032725.75,72,8444,1817917,509024.26323,5040432.55709,359032
"1514672",Milano - MAGGIORE - MUSOCCO - CERTOSA,3032725.75,72,8445,2251797,509024.26323,5038932.55709,1419558
"1514672",Milano - MAGGIORE - MUSOCCO - CERTOSA,3032725.75,72,8619,2251795,510524.26323,5038932.55709,522883
"1514672",Milano - MAGGIORE - MUSOCCO - CERTOSA,3032725.75,72,8620,2251795,510524.26323,5037432.55709,42170
"1514649",Milano - GIAMBELLINO,1969861.24,49,8449,1865118,509024.26323,5032932.55709,146206
"1514649",Milano - GIAMBELLINO,1969861.24,49,8450,490831,509024.26323,5031432.55709,228474
"1514649",Milano - GIAMBELLINO,1969861.24,49,8623,2251795,510524.26323,5032932.55709,886561
"1514649",Milano - GIAMBELLINO,1969861.24,49,8624,2233327,510524.26323,5031432.55709,75978
"1514649",Milano - GIAMBELLINO,1969861.24,49,8797,2251793,512024.26323,5032932.55709,632016
"1514622",Milano - CITTA' STUDI,2209153.29,22,9490,2251783,518024.26323,5037432.55709,315817
"1514622",Milano - CITTA' STUDI,2209153.29,22,9491,2251783,518024.26323,5035932.55709,1716651
"1514622",Milano - CITTA' STUDI,2209153.29,22,9492,2251783,518024.26323,5034432.55709,176686
"1514650",Milano - PORTA GENOVA,997543.81,50,8796,2251793,512024.26323,5034432.55709,58172
"1514650",Milano - PORTA GENOVA,997543.81,50,8797,2251793,512024.26323,5032932.55709,539267
"1514650",Milano - PORTA GENOVA,997543.81,50,8970,2251791,513524.26323,5034432.55709,102015
"1514650",Milano - PORTA GENOVA,997543.81,50,8971,2251791,513524.26323,5032932.55709,298089
"1514625",Milano - CORSICA,1082146.31,25,9492,2251783,518024.26323,5034432.55709,1082146
"1514607",Milano - MAGENTA - S. VITTORE,1391200.80,7,8969,2251791,513524.26323,5035932.55709,180225
"1514607",Milano - MAGENTA - S. VITTORE,1391200.80,7,8970,2251791,513524.26323,5034432.55709,1193650
"1514607",Milano - MAGENTA - S. VITTORE,1391200.80,7,8971,2251791,513524.26323,5032932.55709,17326
"1514673",Milano - CASCINA MERLATA,1732024.13,73,8269,316446,507524.26323,5041932.55709,310043
"1514673",Milano - CASCINA MERLATA,1732024.13,73,8270,1243747,507524.26323,5040432.55709,878550
"1514673",Milano - CASCINA MERLATA,1732024.13,73,8444,1817917,509024.26323,5040432.55709,536911
"1514669",Milano - SARPI,1813287.95,69,8794,2251793,512024.26323,5037432.55709,155112
"1514669",Milano - SARPI,1813287.95,69,8795,2251793,512024.26323,5035932.55709,6747
"1514669",Milano - SARPI,1813287.95,69,8968,2251791,513524.26323,5037432.55709,770471
"1514669",Milano - SARPI,1813287.95,69,8969,2251791,513524.26323,5035932.55709,880958
"1514686",Milano - PARCO DEI NAVIGLI,3626039.47,86,8450,490831,509024.26323,5031432.55709,25250
"1514686",Milano - PARCO DEI NAVIGLI,3626039.47,86,8624,2233327,510524.26323,5031432.55709,547966
"1514686",Milano - PARCO DEI NAVIGLI,3626039.47,86,8625,1575825,510524.26323,5029932.55709,1560671
"1514686",Milano - PARCO DEI NAVIGLI,3626039.47,86,8626,63458,510524.26323,5028432.55709,63253
"1514686",Milano - PARCO DEI NAVIGLI,3626039.47,86,8798,2251793,512024.26323,5031432.55709,12958
"1514686",Milano - PARCO DEI NAVIGLI,3626039.47,86,8799,2218843,512024.26323,5029932.55709,956421
"1514686",Milano - PARCO DEI NAVIGLI,3626039.47,86,8800,741422,512024.26323,5028432.55709,366797
"1514686",Milano - PARCO DEI NAVIGLI,3626039.47,86,8973,2251791,513524.26323,5029932.55709,78088
"1514686",Milano - PARCO DEI NAVIGLI,3626039.47,86,8974,2233145,513524.26323,5028432.55709,1269
"1514668",Milano - PAGANO,1290712.95,68,8795,2251793,512024.26323,5035932.55709,468368
"1514668",Milano - PAGANO,1290712.95,68,8796,2251793,512024.26323,5034432.55709,246073
"1514668",Milano - PAGANO,1290712.95,68,8969,2251791,513524.26323,5035932.55709,509402
"1514668",Milano - PAGANO,1290712.95,68,8970,2251791,513524.26323,5034432.55709,66869
"1514602",Milano - BRERA,1638635.08,2,8969,2251791,513524.26323,5035932.55709,124719
"1514602",Milano - BRERA,1638635.08,2,8970,2251791,513524.26323,5034432.55709,13677
"1514602",Milano - BRERA,1638635.08,2,9143,2251789,515024.26323,5035932.55709,1232563
"1514602",Milano - BRERA,1638635.08,2,9144,2251789,515024.26323,5034432.55709,267676
"1514633",Milano - ROGOREDO - SANTA GIULIA,1201066.07,33,9493,2251783,518024.26323,5032932.55709,92059
"1514633",Milano - ROGOREDO - SANTA GIULIA,1201066.07,33,9494,2251783,518024.26323,5031432.55709,226694
"1514633",Milano - ROGOREDO - SANTA GIULIA,1201066.07,33,9667,2251780,519524.26323,5032932.55709,30747
"1514633",Milano - ROGOREDO - SANTA GIULIA,1201066.07,33,9668,2249232,519524.26323,5031432.55709,846757
"1514633",Milano - ROGOREDO - SANTA GIULIA,1201066.07,33,9669,995285,519524.26323,5029932.55709,4809
"1514617",Milano - ADRIANO,2435283.06,17,9488,1797438,518024.26323,5040432.55709,380705
"1514617",Milano - ADRIANO,2435283.06,17,9489,2251783,518024.26323,5038932.55709,161668
"1514617",Milano - ADRIANO,2435283.06,17,9662,1487858,519524.26323,5040432.55709,1405425
"1514617",Milano - ADRIANO,2435283.06,17,9663,2251780,519524.26323,5038932.55709,162675
"1514617",Milano - ADRIANO,2435283.06,17,9836,498843,521024.26323,5040432.55709,310138
"1514653",Milano - LORENTEGGIO,2646449.00,53,8275,1110510,507524.26323,5032932.55709,252007
"1514653",Milano - LORENTEGGIO,2646449.00,53,8448,2251797,509024.26323,5034432.55709,48218
"1514653",Milano - LORENTEGGIO,2646449.00,53,8449,1865118,509024.26323,5032932.55709,1545479
"1514653",Milano - LORENTEGGIO,2646449.00,53,8622,2251795,510524.26323,5034432.55709,115863
"1514653",Milano - LORENTEGGIO,2646449.00,53,8623,2251795,510524.26323,5032932.55709,676579
